caller_id,callee_id,source_ip,destination_ip,call_start_time,call_duration_seconds,call_type,call_status,protocol,call_quality,is_blacklisted,number_of_previous_calls,caller_location,callee_location
-5551234566,-9876543119,198.51.100.7,203.0.113.2,14:12:00,30,inbound,completed,SIP,4.0,True,120,USA,India
-7712345634,-9123456698,198.51.100.8,203.0.113.3,09:05:00,60,inbound,dropped,H.323,2.0,False,3,UK,India
-9876543119,-9123456698,8.8.8.8,203.0.113.4,11:00:00,45,outbound,failed,SIP,1.5,True,50,Germany,India
-5553334443,-9876543119,198.51.100.15,203.0.113.9,10:00:00,15,inbound,failed,SIP,1.0,True,60,USA,India
-5553334443,-13812345592,203.0.113.216,198.51.100.136,10:02:32,53,inbound,failed,SIP,1.9,True,1,USA,China
-5553334443,-13987654235,203.0.113.169,198.51.100.108,10:03:42,38,inbound,dropped,SIP,1.2,True,2,USA,China
-5551112221,-13987654235,203.0.113.60,198.51.100.196,10:16:29,239,outbound,dropped,SIP,1.8,False,2,USA,China
-5551234566,-423456728,203.0.113.23,198.51.100.250,10:22:42,352,outbound,dropped,SIP,1.5,True,1,USA,Australia
-412345617,-7654321054,203.0.113.123,198.51.100.80,10:27:07,415,outbound,dropped,H.323,2.2,False,3,Australia,UK
-5551234566,-5556667776,203.0.113.205,198.51.100.135,10:41:11,418,outbound,failed,SIP,1.2,True,2,USA,USA
-412345617,-423456728,203.0.113.33,198.51.100.77,10:43:21,451,outbound,dropped,SIP,1.3,False,4,Australia,Australia
-8123456698,-412345617,203.0.113.118,198.51.100.79,10:51:02,349,outbound,failed,SIP,1.1,False,3,India,Australia
-9876543119,-7987654277,203.0.113.22,198.51.100.61,10:53:02,108,outbound,dropped,H.323,1.4,True,1,India,UK
-5551234566,-423456728,203.0.113.1,198.51.100.66,10:54:46,41,outbound,dropped,IAX2,2.0,True,4,USA,Australia
-5551234566,-412345617,203.0.113.104,198.51.100.42,10:56:55,310,inbound,dropped,SIP,1.1,True,5,USA,Australia
-5551112221,-412345617,203.0.113.122,198.51.100.243,11:03:38,318,inbound,failed,SIP,2.0,False,3,USA,Australia
-13987654235,-9988776564,203.0.113.114,198.51.100.143,11:09:19,391,inbound,failed,SIP,2.5,False,15,China,India
-5551234566,-5556667776,203.0.113.68,198.51.100.11,11:14:34,70,inbound,dropped,SIP,1.0,True,7,USA,USA
-5553334443,-13987654235,203.0.113.133,198.51.100.48,11:16:37,432,outbound,dropped,SIP,1.9,True,5,USA,China
-5551112221,-423456728,203.0.113.121,198.51.100.123,11:17:09,94,outbound,failed,SIP,2.0,False,4,USA,Australia
-9876543119,-7654321054,203.0.113.71,198.51.100.128,11:19:05,424,outbound,failed,SIP,2.3,True,2,India,UK
-9765432018,-7987654277,203.0.113.124,198.51.100.32,11:24:04,341,outbound,failed,SIP,1.8,False,3,India,UK
-5551234566,-7654321054,203.0.113.207,198.51.100.31,11:27:48,565,outbound,failed,SIP,1.2,True,8,USA,UK
-7987654277,-423456728,203.0.113.239,198.51.100.184,11:28:50,456,outbound,failed,SIP,2.1,False,5,UK,Australia
-9876543119,-13812345592,203.0.113.150,198.51.100.215,11:31:00,90,outbound,failed,SIP,2.5,True,3,India,China
-13987654235,-423456728,203.0.113.172,198.51.100.27,11:32:19,444,inbound,dropped,SIP,2.3,False,18,China,Australia
-5559876542,-412345617,203.0.113.150,198.51.100.74,11:43:11,106,outbound,failed,SIP,2.5,False,2,USA,Australia
-5551234566,-13812345592,203.0.113.220,198.51.100.157,12:05:17,365,outbound,failed,SIP,2.2,True,9,USA,China
-5551234566,-13812345592,203.0.113.141,198.51.100.61,12:06:16,47,inbound,failed,SIP,2.3,True,10,USA,China
-5551234566,-7896541186,203.0.113.144,198.51.100.57,12:08:34,155,outbound,failed,SIP,1.9,True,11,USA,UK
-423456728,-5553334443,203.0.113.54,198.51.100.197,12:23:22,109,outbound,dropped,SIP,2.4,False,16,Australia,USA
-9123456698,-5551112221,203.0.113.116,198.51.100.158,12:25:01,362,outbound,failed,IAX2,2.4,False,3,India,USA
-9988776564,-412345617,203.0.113.182,198.51.100.41,12:31:29,585,inbound,dropped,SIP,1.1,False,4,India,Australia
-5553334443,-9765432018,203.0.113.223,198.51.100.55,12:39:10,102,inbound,dropped,SIP,1.1,True,12,USA,India
-5551234566,-9123456698,203.0.113.4,198.51.100.145,12:40:37,561,outbound,failed,SIP,1.9,True,12,USA,India
-9876543119,-13812345592,203.0.113.21,198.51.100.212,12:44:40,549,outbound,dropped,H.323,1.7,True,6,India,China
-5553334443,-13987654235,203.0.113.54,198.51.100.163,12:49:40,128,inbound,failed,SIP,2.2,True,13,USA,China
-13987654235,-13812345592,203.0.113.172,198.51.100.7,12:51:19,124,inbound,dropped,SIP,1.2,False,25,China,China
-5551234566,-13987654235,203.0.113.12,198.51.100.41,12:54:49,188,outbound,dropped,SIP,2.1,True,13,USA,China
-5553334443,-13987654235,203.0.113.249,198.51.100.35,12:57:02,218,outbound,failed,SIP,1.6,True,15,USA,China
-13812345592,-5551112221,203.0.113.18,198.51.100.152,13:00:13,48,outbound,dropped,IAX2,2.0,False,17,China,USA
-5551234566,-13812345592,203.0.113.132,198.51.100.246,13:09:25,379,outbound,failed,H.323,2.3,True,14,USA,China
-9876543119,-13812345592,203.0.113.52,198.51.100.237,13:20:52,235,inbound,failed,SIP,2.4,True,8,India,China
-5551234566,-5553334443,203.0.113.30,198.51.100.94,13:31:48,70,outbound,dropped,SIP,2.1,True,15,USA,USA
-5551112221,-13812345592,203.0.113.126,198.51.100.174,13:34:36,573,outbound,failed,SIP,1.0,False,10,USA,China
-9876543119,-9988776564,203.0.113.136,198.51.100.249,13:37:54,74,inbound,failed,IAX2,1.5,True,11,India,India
-5551234566,-13812345592,203.0.113.207,198.51.100.30,13:38:52,80,inbound,failed,SIP,1.2,True,16,USA,China
-7712345634,-423456728,203.0.113.224,198.51.100.197,13:49:08,17,outbound,failed,SIP,1.4,False,7,UK,Australia
-13812345592,-5553334443,203.0.113.193,198.51.100.19,13:54:44,230,outbound,dropped,SIP,2.5,False,28,China,USA
-5551234566,-13987654235,203.0.113.39,198.51.100.112,14:03:50,238,inbound,failed,SIP,2.4,True,18,USA,China
-5551234566,-7654321054,203.0.113.176,198.51.100.180,14:09:14,506,inbound,failed,SIP,1.9,True,20,USA,UK
-9876543119,-5551112221,203.0.113.113,198.51.100.23,14:14:05,598,inbound,failed,SIP,1.1,True,14,India,USA
-5553334443,-7987654277,203.0.113.108,198.51.100.85,14:15:25,383,outbound,failed,SIP,2.0,True,20,USA,UK
-5554445554,-13812345592,203.0.113.167,198.51.100.24,14:19:31,213,outbound,failed,SIP,2.0,False,8,USA,China
-7987654277,-13812345592,203.0.113.199,198.51.100.249,14:22:32,333,outbound,failed,SIP,1.4,False,13,UK,China
-5554445554,-5559876542,203.0.113.217,198.51.100.163,14:27:16,338,inbound,dropped,H.323,2.1,False,10,USA,USA
-9876543119,-7712345634,203.0.113.126,198.51.100.107,14:29:30,349,outbound,dropped,SIP,1.9,True,15,India,UK
-5551234566,-8123456698,203.0.113.145,198.51.100.119,14:31:08,488,inbound,failed,H.323,2.2,True,21,USA,India
-5553334443,-9123456698,203.0.113.77,198.51.100.98,14:49:37,394,inbound,failed,H.323,1.5,True,23,USA,India
-7987654277,-7744112142,203.0.113.226,198.51.100.218,14:50:53,350,outbound,dropped,SIP,2.2,False,15,UK,India
-9012345587,-13812345592,203.0.113.39,198.51.100.48,14:58:18,479,outbound,dropped,SIP,1.6,False,5,India,China
-5553334443,-7654321054,203.0.113.252,198.51.100.192,15:10:29,119,inbound,failed,SIP,1.2,True,24,USA,UK
-5556667776,-7896541186,203.0.113.222,198.51.100.112,15:14:03,16,inbound,dropped,SIP,1.7,False,11,USA,UK
-9876543119,-423456728,203.0.113.180,198.51.100.53,15:18:34,269,inbound,failed,H.323,2.0,True,18,India,Australia
-5553334443,-423456728,203.0.113.146,198.51.100.95,15:21:20,552,inbound,failed,SIP,1.3,True,25,USA,Australia
-13987654235,-8899552120,203.0.113.109,198.51.100.251,15:25:19,332,inbound,dropped,SIP,1.6,False,45,China,India
-5551234566,-13987654235,203.0.113.151,198.51.100.249,15:42:07,11,inbound,dropped,IAX2,2.2,True,24,USA,China
-13987654235,-5554445554,203.0.113.132,198.51.100.101,15:52:24,497,inbound,failed,IAX2,1.1,False,49,China,USA
-9765432018,-13987654235,203.0.113.82,198.51.100.75,16:05:01,322,inbound,failed,SIP,1.2,False,11,India,China
-9988776564,-5551112221,203.0.113.221,198.51.100.118,16:18:16,129,inbound,failed,SIP,1.5,False,10,India,USA
-9876543119,-412345617,203.0.113.163,198.51.100.136,16:31:01,56,outbound,dropped,SIP,1.8,True,24,India,Australia
-5553334443,-9012345587,203.0.113.202,198.51.100.183,16:31:33,58,outbound,dropped,SIP,2.4,True,28,USA,India
-5551234566,-7654321054,203.0.113.219,198.51.100.171,16:39:58,109,inbound,failed,SIP,1.7,True,28,USA,UK
-9876543119,-423456728,203.0.113.185,198.51.100.96,16:42:07,186,inbound,dropped,H.323,2.1,True,25,India,Australia
-5551234566,-5551112221,203.0.113.143,198.51.100.221,16:48:44,354,outbound,failed,SIP,1.8,True,29,USA,USA
-5551234566,-5551112221,203.0.113.96,198.51.100.16,16:53:16,533,inbound,failed,SIP,2.2,True,30,USA,USA
-13987654235,-8899552120,203.0.113.130,198.51.100.236,16:55:49,65,outbound,dropped,SIP,1.3,False,54,China,India
-13812345592,-13987654235,203.0.113.1,198.51.100.244,17:12:59,82,outbound,failed,SIP,2.0,False,47,China,China
-5559876542,-7744112142,203.0.113.166,198.51.100.188,17:20:38,84,inbound,failed,SIP,1.5,False,14,USA,India
-7987654277,-5554445554,203.0.113.196,198.51.100.200,17:23:03,75,inbound,failed,SIP,1.6,False,21,UK,USA
-5551234566,-7987654277,203.0.113.37,198.51.100.151,17:27:48,267,outbound,failed,SIP,1.4,True,33,USA,UK
-7987654277,-7654321054,203.0.113.92,198.51.100.168,17:34:54,456,inbound,dropped,H.323,1.7,False,23,UK,UK
-5553334443,-7654321054,203.0.113.8,198.51.100.98,17:37:54,505,outbound,dropped,H.323,1.7,True,29,USA,UK
-9876543119,-13987654235,203.0.113.167,198.51.100.29,17:39:24,503,outbound,failed,SIP,1.5,True,27,India,China
-412345617,-9765432018,203.0.113.118,198.51.100.109,17:41:54,300,outbound,dropped,SIP,1.5,False,44,Australia,India
-9876543119,-5551112221,203.0.113.8,198.51.100.1,17:47:51,197,outbound,dropped,SIP,1.4,True,29,India,USA
-5551234566,-13812345592,203.0.113.208,198.51.100.174,17:56:36,438,inbound,failed,SIP,1.6,True,34,USA,China
-423456728,-412345617,203.0.113.169,198.51.100.116,18:11:21,185,outbound,dropped,SIP,2.0,False,46,Australia,Australia
-9876543119,-13987654235,203.0.113.95,198.51.100.185,18:18:30,530,inbound,dropped,IAX2,1.3,True,32,India,China
-5551234566,-9765432018,203.0.113.131,198.51.100.81,18:21:24,157,outbound,dropped,H.323,2.2,True,36,USA,India
-9765432018,-9988776564,203.0.113.186,198.51.100.87,18:35:49,448,outbound,failed,SIP,1.1,False,15,India,India
-13812345592,-7744112142,203.0.113.207,198.51.100.75,18:39:21,491,inbound,dropped,SIP,1.5,False,57,China,India
-5556667776,-423456728,203.0.113.57,198.51.100.215,18:43:30,285,inbound,failed,SIP,2.3,False,17,USA,Australia
-7896541186,-5551112221,203.0.113.149,198.51.100.194,18:50:43,178,outbound,dropped,SIP,1.6,False,29,UK,USA
-5551234566,-7744112142,203.0.113.23,198.51.100.161,18:54:04,577,inbound,failed,SIP,1.5,True,37,USA,India
-412345617,-423456728,203.0.113.29,198.51.100.46,18:57:28,85,inbound,failed,SIP,1.2,False,50,Australia,Australia
-9876543119,-13812345592,203.0.113.176,198.51.100.31,19:03:26,94,outbound,failed,SIP,2.4,True,33,India,China
-7744112142,-9988776564,203.0.113.122,198.51.100.15,19:07:25,541,inbound,failed,SIP,1.4,False,18,India,India
-9876543119,-13987654235,203.0.113.124,198.51.100.41,19:08:26,546,inbound,failed,SIP,2.4,True,34,India,China
-9876543119,-9765432018,203.0.113.183,198.51.100.130,19:12:52,179,outbound,failed,H.323,1.1,True,35,India,India
-412345617,-5554445554,203.0.113.140,198.51.100.75,19:15:42,185,inbound,failed,IAX2,1.3,False,52,Australia,USA
-5551234566,-5551112221,203.0.113.114,198.51.100.190,19:17:25,49,outbound,dropped,SIP,2.1,True,39,USA,USA
-13812345592,-13987654235,203.0.113.205,198.51.100.34,19:19:52,43,inbound,failed,SIP,2.0,False,60,China,China
-7654321054,-13812345592,203.0.113.27,198.51.100.64,19:26:07,201,outbound,dropped,H.323,1.2,False,32,UK,China
-9876543119,-5559876542,203.0.113.203,198.51.100.7,19:34:06,120,outbound,dropped,SIP,2.1,True,37,India,USA
-13812345592,-7896541186,203.0.113.106,198.51.100.26,19:41:25,441,outbound,failed,SIP,2.3,False,64,China,UK
-423456728,-13987654235,203.0.113.225,198.51.100.149,19:49:17,20,inbound,dropped,SIP,2.2,False,52,Australia,China
-5551234566,-8123456698,203.0.113.84,198.51.100.167,19:55:44,97,inbound,dropped,H.323,2.1,True,41,USA,India
-5553334443,-5551234566,203.0.113.193,198.51.100.60,20:01:35,119,outbound,dropped,IAX2,2.3,True,32,USA,USA
-423456728,-7654321054,203.0.113.85,198.51.100.174,20:04:19,141,inbound,dropped,SIP,2.1,False,53,Australia,UK
-412345617,-13987654235,203.0.113.194,198.51.100.173,20:08:58,320,inbound,failed,H.323,1.4,False,56,Australia,China
-9876543119,-423456728,203.0.113.48,198.51.100.224,20:12:34,62,outbound,dropped,SIP,2.4,True,38,India,Australia
-423456728,-5551112221,203.0.113.13,198.51.100.9,20:21:56,388,outbound,failed,SIP,1.4,False,55,Australia,USA
-5553334443,-5559876542,203.0.113.36,198.51.100.83,20:29:13,273,inbound,dropped,H.323,2.1,True,33,USA,USA
-5551234566,-9123456698,203.0.113.95,198.51.100.206,20:49:05,129,outbound,dropped,SIP,1.5,True,43,USA,India
-8123456698,-7896541186,203.0.113.193,198.51.100.127,20:59:44,405,inbound,failed,SIP,1.4,False,18,India,UK
-5551234566,-7712345634,203.0.113.31,198.51.100.19,21:03:33,298,outbound,dropped,SIP,1.9,True,44,USA,UK
-9876543119,-9012345587,203.0.113.112,198.51.100.202,21:10:40,21,outbound,failed,SIP,1.5,True,40,India,India
-13987654235,-7744112142,203.0.113.130,198.51.100.213,21:19:46,390,inbound,failed,SIP,1.8,False,89,China,India
-5553334443,-13987654235,203.0.113.106,198.51.100.44,21:21:38,286,inbound,failed,SIP,1.8,True,38,USA,China
-9876543119,-7987654277,203.0.113.175,198.51.100.87,21:29:25,403,outbound,dropped,SIP,2.3,True,41,India,UK
-7712345634,-13812345592,203.0.113.12,198.51.100.9,21:34:41,414,inbound,failed,H.323,2.5,False,33,UK,China
-7654321054,-13987654235,203.0.113.183,198.51.100.113,21:37:35,357,inbound,failed,IAX2,1.4,False,36,UK,China
-5551234566,-13987654235,203.0.113.180,198.51.100.67,21:38:31,81,inbound,failed,SIP,1.4,True,45,USA,China
-412345617,-423456728,203.0.113.128,198.51.100.189,21:49:33,228,inbound,failed,SIP,1.3,False,67,Australia,Australia
-7987654277,-9012345587,203.0.113.242,198.51.100.124,21:52:03,164,inbound,dropped,SIP,1.3,False,31,UK,India
-5556667776,-8123456698,203.0.113.134,198.51.100.17,21:56:21,310,inbound,dropped,SIP,2.0,False,23,USA,India
-9876543119,-5551112221,203.0.113.99,198.51.100.235,22:04:23,386,outbound,failed,SIP,2.5,True,43,India,USA
-5554445554,-8123456698,203.0.113.57,198.51.100.177,22:05:04,317,outbound,dropped,SIP,1.4,False,32,USA,India
-9876543119,-412345617,203.0.113.80,198.51.100.173,22:06:54,507,inbound,dropped,SIP,2.1,True,44,India,Australia
-9876543119,-8123456698,203.0.113.237,198.51.100.198,22:08:57,89,outbound,failed,IAX2,1.3,True,45,India,India
-9876543119,-5553334443,203.0.113.225,198.51.100.194,22:11:16,97,outbound,dropped,SIP,1.9,True,46,India,USA
-5553334443,-7654321054,203.0.113.61,198.51.100.62,22:11:48,590,outbound,failed,H.323,1.5,True,40,USA,UK
-5551234566,-7896541186,203.0.113.48,198.51.100.110,22:14:06,402,inbound,failed,H.323,1.5,True,46,USA,UK
-9876543119,-5554445554,203.0.113.209,198.51.100.187,22:16:26,584,inbound,dropped,SIP,2.4,True,47,India,USA
-9988776564,-7987654277,203.0.113.73,198.51.100.160,22:21:07,521,outbound,dropped,SIP,1.2,False,22,India,UK
-9876543119,-5554445554,203.0.113.227,198.51.100.180,22:37:52,529,inbound,dropped,H.323,1.3,True,48,India,USA
-13987654235,-5553334443,203.0.113.142,198.51.100.211,22:49:43,549,outbound,failed,SIP,1.5,False,100,China,USA
-5553334443,-7896541186,203.0.113.157,198.51.100.207,22:58:34,242,inbound,dropped,SIP,2.5,True,43,USA,UK
-5551234566,-13987654235,203.0.113.196,198.51.100.172,23:04:02,514,inbound,failed,SIP,1.4,True,48,USA,China
-8123456698,-13987654235,203.0.113.29,198.51.100.183,23:12:54,102,outbound,dropped,SIP,2.0,False,23,India,China
-9876543119,-412345617,203.0.113.11,198.51.100.241,23:16:55,289,inbound,dropped,SIP,1.3,True,50,India,Australia
-5553334443,-7712345634,203.0.113.81,198.51.100.194,23:19:34,166,inbound,failed,SIP,1.7,True,44,USA,UK
-9876543119,-7987654277,203.0.113.100,198.51.100.22,23:25:04,481,inbound,dropped,SIP,1.4,True,51,India,UK
-5553334443,-5554445554,203.0.113.37,198.51.100.110,23:30:50,365,outbound,dropped,H.323,2.4,True,46,USA,USA
-13987654235,-423456728,203.0.113.250,198.51.100.65,23:47:32,47,outbound,completed,SIP,3.7,False,108,China,Australia
-13987654235,-5553334443,203.0.113.208,198.51.100.248,23:49:59,249,inbound,completed,SIP,4.0,False,109,China,USA
-7712345634,-423456728,203.0.113.88,198.51.100.139,23:52:59,556,inbound,dropped,SIP,2.4,False,38,UK,Australia
-9876543119,-5553334443,203.0.113.35,198.51.100.234,00:11:02,71,inbound,failed,H.323,2.5,True,53,India,USA
-13987654235,-412345617,203.0.113.109,198.51.100.96,00:26:00,510,inbound,completed,IAX2,3.1,False,111,China,Australia
-9876543119,-7896541186,203.0.113.95,198.51.100.71,00:28:44,86,inbound,dropped,SIP,1.1,True,54,India,UK
-13812345592,-5553334443,203.0.113.63,198.51.100.137,00:34:05,65,outbound,completed,SIP,3.7,False,102,China,USA
-9876543119,-5553334443,203.0.113.48,198.51.100.45,00:36:27,168,outbound,dropped,SIP,2.4,True,55,India,USA
-9876543119,-5554445554,203.0.113.197,198.51.100.172,00:41:30,227,outbound,dropped,SIP,1.3,True,56,India,USA
-5551234566,-7654321054,203.0.113.145,198.51.100.54,00:43:44,218,outbound,failed,SIP,2.5,True,50,USA,UK
-13812345592,-7654321054,203.0.113.106,198.51.100.20,00:48:30,193,inbound,completed,H.323,3.0,False,103,China,UK
-5553334443,-13987654235,203.0.113.247,198.51.100.14,00:50:34,369,outbound,dropped,IAX2,1.3,True,52,USA,China
-13987654235,-13812345592,203.0.113.178,198.51.100.179,00:52:42,376,outbound,completed,SIP,4.9,False,114,China,China
-5553334443,-7896541186,203.0.113.67,198.51.100.226,00:55:04,412,outbound,failed,SIP,1.3,True,53,USA,UK
-13987654235,-423456728,203.0.113.17,198.51.100.199,01:02:30,120,outbound,completed,IAX2,3.2,False,116,China,Australia
-5551234566,-7987654277,203.0.113.149,198.51.100.183,01:04:09,160,outbound,dropped,IAX2,1.7,True,52,USA,UK
-5553334443,-13812345592,203.0.113.43,198.51.100.127,01:05:50,271,outbound,dropped,SIP,2.3,True,54,USA,China
-9988776564,-412345617,203.0.113.117,198.51.100.2,01:10:56,139,inbound,dropped,SIP,1.3,False,27,India,Australia
-7712345634,-423456728,203.0.113.113,198.51.100.81,01:13:34,222,inbound,failed,SIP,2.4,False,40,UK,Australia
-9876543119,-13987654235,203.0.113.12,198.51.100.18,01:14:44,140,inbound,dropped,SIP,1.2,True,57,India,China
-13812345592,-13987654235,203.0.113.64,198.51.100.199,01:18:26,407,inbound,completed,SIP,4.0,False,106,China,China
-8899552120,-13987654235,203.0.113.15,198.51.100.251,01:20:03,94,outbound,dropped,H.323,1.5,False,25,India,China
-13812345592,-5551112221,203.0.113.184,198.51.100.99,01:22:08,424,inbound,completed,SIP,3.3,False,107,China,USA
-5551112221,-13987654235,203.0.113.245,198.51.100.241,01:22:41,73,inbound,dropped,IAX2,1.6,False,34,USA,China
-8899552120,-13987654235,203.0.113.228,198.51.100.216,01:25:49,201,inbound,dropped,H.323,2.3,False,26,India,China
-7987654277,-423456728,203.0.113.149,198.51.100.16,01:32:01,249,outbound,dropped,SIP,2.5,False,41,UK,Australia
-5553334443,-9988776564,203.0.113.106,198.51.100.161,01:32:31,520,outbound,dropped,SIP,1.6,True,56,USA,India
-13812345592,-412345617,203.0.113.19,198.51.100.90,01:35:28,107,inbound,completed,SIP,4.1,False,109,China,Australia
-13987654235,-423456728,203.0.113.61,198.51.100.42,01:36:14,26,outbound,completed,SIP,4.5,False,124,China,Australia
-13987654235,-5554445554,203.0.113.196,198.51.100.247,01:38:48,526,inbound,completed,IAX2,3.7,False,125,China,USA
-13812345592,-5551112221,203.0.113.79,198.51.100.180,01:39:29,407,outbound,completed,SIP,4.6,False,110,China,USA
-5553334443,-5551112221,203.0.113.93,198.51.100.238,01:42:27,173,outbound,dropped,H.323,1.9,True,57,USA,USA
-5551234566,-13812345592,203.0.113.228,198.51.100.153,01:44:13,407,outbound,dropped,SIP,2.2,True,53,USA,China
-13987654235,-423456728,203.0.113.38,198.51.100.162,01:51:10,450,outbound,completed,SIP,4.9,False,126,China,Australia
-5553334443,-5559876542,203.0.113.125,198.51.100.125,01:52:05,463,outbound,failed,SIP,1.8,True,59,USA,USA
-13987654235,-5554445554,203.0.113.39,198.51.100.165,01:54:53,420,outbound,completed,SIP,4.8,False,127,China,USA
-13812345592,-9123456698,203.0.113.98,198.51.100.194,01:57:47,319,inbound,completed,SIP,4.5,False,113,China,India
-5553334443,-9123456698,203.0.113.109,198.51.100.244,02:04:05,567,outbound,dropped,SIP,2.2,True,60,USA,India
-5553334443,-423456728,203.0.113.8,198.51.100.128,02:18:15,593,inbound,failed,SIP,1.2,True,63,USA,Australia
-412345617,-13987654235,203.0.113.99,198.51.100.99,02:20:11,228,inbound,failed,H.323,1.1,False,91,Australia,China
-13987654235,-13812345592,203.0.113.73,198.51.100.253,02:21:11,493,inbound,dropped,SIP,1.8,False,130,China,China
-13812345592,-5554445554,203.0.113.158,198.51.100.184,02:23:20,448,outbound,completed,IAX2,3.8,False,115,China,USA
-13987654235,-5553334443,203.0.113.229,198.51.100.71,02:28:12,426,inbound,completed,SIP,4.4,False,131,China,USA
-13987654235,-9988776564,203.0.113.213,198.51.100.89,02:30:12,463,outbound,completed,IAX2,3.8,False,132,China,India
-9876543119,-5554445554,203.0.113.36,198.51.100.246,02:34:03,91,inbound,dropped,IAX2,1.0,True,61,India,USA
-13987654235,-7744112142,203.0.113.108,198.51.100.233,02:39:34,19,inbound,completed,SIP,5.0,False,133,China,India
-9012345587,-5559876542,203.0.113.94,198.51.100.152,02:43:12,372,inbound,failed,SIP,2.1,False,17,India,USA
-9123456698,-13812345592,203.0.113.160,198.51.100.229,02:46:10,126,outbound,dropped,SIP,1.4,False,25,India,China
-5551234566,-13987654235,203.0.113.96,198.51.100.122,02:54:52,88,outbound,failed,SIP,1.7,True,55,USA,China
-13812345592,-13987654235,203.0.113.136,198.51.100.176,02:57:16,587,outbound,completed,SIP,4.8,False,118,China,China
-13987654235,-7896541186,203.0.113.212,198.51.100.85,02:57:58,418,inbound,completed,SIP,3.7,False,136,China,UK
-13812345592,-7654321054,203.0.113.37,198.51.100.174,02:59:12,182,inbound,dropped,SIP,2.2,False,119,China,UK
-5551234566,-423456728,203.0.113.74,198.51.100.9,03:07:24,102,inbound,failed,H.323,1.9,True,56,USA,Australia
-5551234566,-7654321054,203.0.113.21,198.51.100.15,03:10:58,522,inbound,dropped,IAX2,1.3,True,57,USA,UK
-13812345592,-412345617,203.0.113.243,198.51.100.243,03:14:27,21,inbound,completed,SIP,4.8,False,121,China,Australia
-13812345592,-7654321054,203.0.113.198,198.51.100.211,03:16:51,258,inbound,completed,SIP,3.7,False,122,China,UK
-412345617,-5551234566,203.0.113.167,198.51.100.210,03:21:00,338,inbound,failed,SIP,1.1,False,101,Australia,USA
-412345617,-13987654235,203.0.113.229,198.51.100.233,03:24:06,84,inbound,completed,H.323,4.2,False,102,Australia,China
-412345617,-5556667776,203.0.113.227,198.51.100.227,03:26:22,370,inbound,completed,SIP,4.5,False,103,Australia,USA
-423456728,-9988776564,203.0.113.100,198.51.100.93,03:35:13,332,inbound,completed,SIP,4.8,False,101,Australia,India
-5551234566,-5559876542,203.0.113.134,198.51.100.172,03:36:34,203,inbound,dropped,SIP,2.3,True,59,USA,USA
-5553334443,-13812345592,203.0.113.6,198.51.100.235,03:37:33,268,outbound,dropped,SIP,2.3,True,67,USA,China
-423456728,-13812345592,203.0.113.187,198.51.100.140,03:38:11,504,outbound,completed,SIP,3.7,False,102,Australia,China
-412345617,-7654321054,203.0.113.228,198.51.100.129,03:39:04,265,inbound,completed,IAX2,4.7,False,104,Australia,UK
-13987654235,-5553334443,203.0.113.102,198.51.100.166,03:41:20,336,outbound,completed,SIP,3.4,False,139,China,USA
-13987654235,-9988776564,203.0.113.150,198.51.100.187,03:43:56,526,outbound,completed,SIP,4.1,False,140,China,India
-412345617,-7987654277,203.0.113.80,198.51.100.135,03:46:56,503,inbound,completed,SIP,3.3,False,105,Australia,UK
-5553334443,-13987654235,203.0.113.222,198.51.100.163,03:49:17,410,outbound,dropped,SIP,1.5,True,69,USA,China
-13987654235,-7896541186,203.0.113.22,198.51.100.232,03:50:07,359,outbound,completed,SIP,4.6,False,142,China,UK
-5551234566,-7896541186,203.0.113.187,198.51.100.155,03:55:37,572,outbound,dropped,H.323,1.4,True,60,USA,UK
-5551234566,-412345617,203.0.113.70,198.51.100.98,03:58:33,532,outbound,dropped,SIP,1.6,True,61,USA,Australia
-412345617,-8123456698,203.0.113.254,198.51.100.58,03:59:22,394,outbound,completed,IAX2,4.7,False,107,Australia,India
-13812345592,-412345617,203.0.113.150,198.51.100.130,03:59:55,255,inbound,completed,SIP,3.1,False,125,China,Australia
-5551234566,-13812345592,203.0.113.157,198.51.100.191,04:00:52,251,outbound,dropped,IAX2,2.4,True,62,USA,China
-13987654235,-423456728,203.0.113.207,198.51.100.201,04:03:46,123,inbound,completed,SIP,4.6,False,143,China,Australia
-412345617,-13812345592,203.0.113.97,198.51.100.191,04:06:15,581,inbound,completed,SIP,4.8,False,109,Australia,China
-423456728,-9876543119,203.0.113.208,198.51.100.234,04:07:12,576,outbound,completed,SIP,4.6,False,105,Australia,India
-13987654235,-7654321054,203.0.113.241,198.51.100.176,04:08:34,442,inbound,completed,SIP,4.4,False,145,China,UK
-5551112221,-13987654235,203.0.113.126,198.51.100.71,04:14:43,72,outbound,failed,SIP,1.6,False,44,USA,China
-423456728,-5553334443,203.0.113.137,198.51.100.135,04:16:00,114,outbound,completed,SIP,3.6,False,106,Australia,USA
-13812345592,-5554445554,203.0.113.241,198.51.100.49,04:17:42,230,outbound,dropped,H.323,1.5,False,128,China,USA
-412345617,-5553334443,203.0.113.228,198.51.100.230,04:18:50,587,outbound,completed,SIP,3.9,False,110,Australia,USA
-423456728,-412345617,203.0.113.142,198.51.100.136,04:19:55,442,outbound,completed,SIP,4.8,False,107,Australia,Australia
-8123456698,-13987654235,203.0.113.167,198.51.100.119,04:22:22,253,inbound,dropped,SIP,1.2,False,30,India,China
-412345617,-423456728,203.0.113.119,198.51.100.224,04:23:15,198,outbound,dropped,SIP,2.0,False,112,Australia,Australia
-412345617,-5553334443,203.0.113.200,198.51.100.70,04:35:13,164,inbound,completed,SIP,3.7,False,113,Australia,USA
-13987654235,-412345617,203.0.113.47,198.51.100.36,04:37:55,248,outbound,completed,SIP,3.5,False,149,China,Australia
-423456728,-13987654235,203.0.113.188,198.51.100.22,04:38:46,195,inbound,completed,SIP,4.4,False,109,Australia,China
-5553334443,-412345617,203.0.113.211,198.51.100.33,04:42:40,245,outbound,failed,IAX2,1.1,True,74,USA,Australia
-7654321054,-5554445554,203.0.113.163,198.51.100.69,04:43:57,441,inbound,failed,SIP,2.2,False,59,UK,USA
-423456728,-9123456698,203.0.113.36,198.51.100.200,04:44:31,134,outbound,completed,SIP,4.6,False,110,Australia,India
-13987654235,-5553334443,203.0.113.215,198.51.100.183,04:48:01,233,inbound,completed,SIP,4.8,False,151,China,USA
-13812345592,-9988776564,203.0.113.161,198.51.100.133,04:52:05,211,inbound,completed,SIP,4.8,False,130,China,India
-9876543119,-7654321054,203.0.113.92,198.51.100.253,04:55:50,332,outbound,failed,SIP,1.3,True,65,India,UK
-5553334443,-9988776564,203.0.113.195,198.51.100.156,05:00:17,328,inbound,dropped,SIP,1.1,True,76,USA,India
-13987654235,-7654321054,203.0.113.27,198.51.100.3,05:02:50,341,inbound,completed,SIP,4.9,False,152,China,UK
-423456728,-5551112221,203.0.113.116,198.51.100.14,05:11:06,524,outbound,completed,H.323,4.5,False,111,Australia,USA
-9876543119,-5551234566,203.0.113.244,198.51.100.66,05:12:42,176,outbound,failed,SIP,1.9,True,66,India,USA
-412345617,-13987654235,203.0.113.10,198.51.100.24,05:14:54,166,inbound,completed,H.323,4.3,False,116,Australia,China
-412345617,-9765432018,203.0.113.216,198.51.100.188,05:19:19,381,inbound,completed,IAX2,3.5,False,117,Australia,India
-7987654277,-13987654235,203.0.113.88,198.51.100.175,05:21:25,136,inbound,dropped,SIP,1.6,False,49,UK,China
-13812345592,-13987654235,203.0.113.239,198.51.100.22,05:24:03,360,outbound,failed,SIP,1.8,False,131,China,China
-5551234566,-5551112221,203.0.113.33,198.51.100.199,05:25:03,280,outbound,failed,SIP,2.0,True,68,USA,USA
-13987654235,-423456728,203.0.113.45,198.51.100.80,05:27:36,457,outbound,completed,SIP,4.6,False,156,China,Australia
-5551234566,-5556667776,203.0.113.108,198.51.100.130,05:29:00,62,inbound,failed,SIP,1.8,True,69,USA,USA
-412345617,-13812345592,203.0.113.14,198.51.100.126,05:29:56,246,outbound,dropped,SIP,1.6,False,118,Australia,China
-5553334443,-7654321054,203.0.113.36,198.51.100.45,05:34:52,146,inbound,failed,SIP,2.0,True,77,USA,UK
-5551112221,-5554445554,203.0.113.212,198.51.100.25,05:40:18,564,outbound,failed,SIP,1.1,False,49,USA,USA
-412345617,-13987654235,203.0.113.208,198.51.100.88,05:43:38,433,inbound,completed,SIP,4.5,False,119,Australia,China
-5554445554,-7712345634,203.0.113.55,198.51.100.254,05:47:41,75,inbound,failed,H.323,2.0,False,55,USA,UK
-5551234566,-423456728,203.0.113.72,198.51.100.118,06:00:00,538,inbound,failed,H.323,1.7,True,71,USA,Australia
-423456728,-9876543119,203.0.113.85,198.51.100.22,06:00:45,203,inbound,completed,H.323,4.9,False,117,Australia,India
-13812345592,-5551234566,203.0.113.207,198.51.100.198,06:06:10,518,outbound,completed,SIP,3.0,False,134,China,USA
-13987654235,-423456728,203.0.113.246,198.51.100.87,06:19:52,568,outbound,completed,SIP,4.2,False,160,China,Australia
-13812345592,-5554445554,203.0.113.136,198.51.100.106,06:26:04,18,inbound,dropped,SIP,2.1,False,136,China,USA
-13987654235,-7987654277,203.0.113.54,198.51.100.66,06:30:03,140,outbound,completed,SIP,5.0,False,162,China,UK
-5551234566,-412345617,203.0.113.143,198.51.100.210,06:30:53,325,inbound,failed,SIP,1.9,True,73,USA,Australia
-9876543119,-423456728,203.0.113.73,198.51.100.113,06:33:51,477,inbound,failed,SIP,1.3,True,71,India,Australia
-423456728,-5551234566,203.0.113.47,198.51.100.107,06:36:46,478,outbound,completed,SIP,4.5,False,122,Australia,USA
-5554445554,-13987654235,203.0.113.135,198.51.100.78,06:38:35,260,inbound,failed,SIP,2.4,False,58,USA,China
-412345617,-423456728,203.0.113.186,198.51.100.24,06:40:01,203,inbound,completed,SIP,4.2,False,122,Australia,Australia
-9765432018,-412345617,203.0.113.72,198.51.100.211,06:41:30,172,inbound,failed,SIP,1.5,False,36,India,Australia
-423456728,-13812345592,203.0.113.230,198.51.100.218,06:46:14,423,inbound,completed,SIP,4.5,False,124,Australia,China
-5559876542,-9123456698,203.0.113.155,198.51.100.13,06:48:52,399,inbound,failed,SIP,2.3,False,46,USA,India
-423456728,-7987654277,203.0.113.109,198.51.100.3,06:51:45,188,inbound,completed,SIP,4.2,False,125,Australia,UK
-13987654235,-8123456698,203.0.113.2,198.51.100.13,06:53:41,368,outbound,completed,SIP,4.0,False,164,China,India
-412345617,-13812345592,203.0.113.150,198.51.100.97,06:55:57,360,outbound,completed,SIP,5.0,False,124,Australia,China
-13812345592,-7896541186,203.0.113.104,198.51.100.239,06:56:32,79,inbound,completed,SIP,3.9,False,140,China,UK
-412345617,-5551112221,203.0.113.87,198.51.100.236,06:58:42,594,inbound,completed,IAX2,4.3,False,125,Australia,USA
-7654321054,-5551112221,203.0.113.240,198.51.100.218,07:02:11,409,inbound,failed,SIP,2.4,False,67,UK,USA
-5553334443,-13987654235,203.0.113.210,198.51.100.54,07:06:07,586,inbound,failed,SIP,1.6,True,82,USA,China
-13987654235,-5556667776,203.0.113.156,198.51.100.112,07:07:47,430,outbound,completed,SIP,3.0,False,167,China,USA
-423456728,-7654321054,203.0.113.81,198.51.100.128,07:09:03,564,outbound,completed,SIP,4.1,False,126,Australia,UK
-5551234566,-412345617,203.0.113.204,198.51.100.26,07:11:13,76,inbound,dropped,SIP,1.9,True,75,USA,Australia
-5551234566,-412345617,203.0.113.7,198.51.100.224,07:11:51,237,outbound,failed,SIP,1.2,True,76,USA,Australia
-9123456698,-9876543119,203.0.113.187,198.51.100.92,07:14:36,536,outbound,failed,SIP,2.3,False,35,India,India
-412345617,-423456728,203.0.113.195,198.51.100.65,07:17:50,402,inbound,dropped,H.323,1.5,False,129,Australia,Australia
-13812345592,-7654321054,203.0.113.141,198.51.100.40,07:20:24,166,outbound,completed,SIP,4.8,False,142,China,UK
-5551234566,-13812345592,203.0.113.73,198.51.100.204,07:20:58,573,outbound,dropped,IAX2,1.5,True,77,USA,China
-13987654235,-412345617,203.0.113.16,198.51.100.25,07:23:45,389,outbound,completed,SIP,3.9,False,168,China,Australia
-412345617,-5554445554,203.0.113.205,198.51.100.209,07:25:13,460,outbound,completed,SIP,3.0,False,131,Australia,USA
-13812345592,-9876543119,203.0.113.247,198.51.100.188,07:28:52,515,outbound,completed,SIP,3.2,False,144,China,India
-13987654235,-9988776564,203.0.113.155,198.51.100.87,07:33:49,336,outbound,completed,SIP,4.2,False,169,China,India
-423456728,-7744112142,203.0.113.125,198.51.100.76,07:36:51,97,inbound,completed,SIP,3.0,False,129,Australia,India
-13812345592,-7654321054,203.0.113.84,198.51.100.209,07:37:26,350,outbound,completed,H.323,4.7,False,145,China,UK
-423456728,-13987654235,203.0.113.106,198.51.100.38,07:41:48,450,inbound,completed,SIP,3.3,False,130,Australia,China
-7712345634,-9012345587,203.0.113.132,198.51.100.35,07:47:27,458,inbound,dropped,SIP,1.0,False,50,UK,India
-13987654235,-5551234566,203.0.113.223,198.51.100.90,07:53:20,492,inbound,completed,SIP,3.0,False,171,China,USA
-423456728,-7712345634,203.0.113.135,198.51.100.19,07:57:04,191,outbound,completed,SIP,3.0,False,132,Australia,UK
-5551234566,-5553334443,203.0.113.20,198.51.100.10,07:59:28,12,outbound,failed,SIP,2.0,True,79,USA,USA
-9876543119,-13812345592,203.0.113.29,198.51.100.128,08:02:18,62,outbound,dropped,H.323,2.2,True,74,India,China
-423456728,-5551112221,203.0.113.216,198.51.100.225,08:09:52,64,inbound,completed,IAX2,4.7,False,133,Australia,USA
-412345617,-5551234566,203.0.113.214,198.51.100.171,08:17:55,130,inbound,completed,SIP,4.5,False,132,Australia,USA
-412345617,-5556667776,203.0.113.204,198.51.100.90,08:24:01,315,inbound,completed,IAX2,3.3,False,133,Australia,USA
-13812345592,-5551234566,203.0.113.223,198.51.100.141,08:29:35,459,inbound,completed,SIP,3.2,False,147,China,USA
-13987654235,-13812345592,203.0.113.210,198.51.100.225,08:33:48,99,outbound,completed,SIP,4.6,False,174,China,China
-13987654235,-423456728,203.0.113.69,198.51.100.244,08:39:26,112,inbound,completed,SIP,3.6,False,175,China,Australia
-412345617,-7712345634,203.0.113.172,198.51.100.178,08:45:05,411,inbound,dropped,SIP,1.8,False,135,Australia,UK
-13812345592,-7654321054,203.0.113.153,198.51.100.134,08:46:27,283,inbound,completed,SIP,3.2,False,149,China,UK
-412345617,-13987654235,203.0.113.183,198.51.100.219,08:51:07,166,outbound,completed,SIP,3.6,False,136,Australia,China
-13987654235,-5554445554,203.0.113.3,198.51.100.139,08:51:40,296,inbound,completed,SIP,4.0,False,177,China,USA
-412345617,-13812345592,203.0.113.139,198.51.100.158,08:54:16,42,outbound,dropped,SIP,2.4,False,137,Australia,China
-13812345592,-13987654235,203.0.113.51,198.51.100.1,09:02:43,75,inbound,completed,SIP,3.2,False,151,China,China
-412345617,-7896541186,203.0.113.19,198.51.100.226,09:04:39,119,inbound,completed,IAX2,3.9,False,138,Australia,UK
-5551234566,-7654321054,203.0.113.63,198.51.100.237,09:09:42,408,inbound,failed,H.323,2.1,True,86,USA,UK
-13987654235,-9012345587,203.0.113.247,198.51.100.87,09:12:08,599,outbound,completed,SIP,3.2,False,179,China,India
-5553334443,-13812345592,203.0.113.250,198.51.100.55,09:14:42,239,inbound,dropped,SIP,1.9,True,90,USA,China
-423456728,-13812345592,203.0.113.252,198.51.100.12,09:17:58,296,outbound,completed,SIP,4.5,False,136,Australia,China
-9876543119,-423456728,203.0.113.102,198.51.100.95,09:20:49,209,inbound,dropped,SIP,1.9,True,77,India,Australia
-423456728,-7654321054,203.0.113.229,198.51.100.113,09:22:56,577,outbound,completed,H.323,3.5,False,138,Australia,UK
-423456728,-5556667776,203.0.113.42,198.51.100.178,09:25:24,70,outbound,failed,H.323,2.4,False,139,Australia,USA
-5551234566,-5559876542,203.0.113.168,198.51.100.165,09:27:42,191,inbound,dropped,SIP,2.3,True,87,USA,USA
-9876543119,-423456728,203.0.113.253,198.51.100.191,09:32:06,228,inbound,failed,H.323,1.6,True,78,India,Australia
-412345617,-7712345634,203.0.113.27,198.51.100.241,09:36:44,337,inbound,completed,SIP,3.8,False,140,Australia,UK
-13987654235,-423456728,203.0.113.64,198.51.100.122,09:39:20,132,inbound,failed,SIP,2.0,False,180,China,Australia
-13987654235,-7712345634,203.0.113.154,198.51.100.239,09:45:02,58,inbound,completed,SIP,4.1,False,181,China,UK
-13987654235,-13812345592,203.0.113.217,198.51.100.152,09:47:13,411,outbound,completed,SIP,3.2,False,182,China,China
-423456728,-9765432018,203.0.113.6,198.51.100.62,09:51:27,518,inbound,completed,SIP,4.3,False,142,Australia,India
-412345617,-7896541186,203.0.113.164,198.51.100.106,09:53:25,353,inbound,dropped,IAX2,2.0,False,141,Australia,UK
-423456728,-13987654235,203.0.113.98,198.51.100.203,09:56:41,206,outbound,completed,SIP,4.9,False,145,Australia,China
-9876543119,-9012345587,203.0.113.94,198.51.100.70,09:58:08,31,outbound,failed,SIP,1.3,True,80,India,India
-9876543119,-9012345587,203.0.113.149,198.51.100.138,10:00:29,404,outbound,dropped,SIP,2.1,True,81,India,India
-423456728,-5554445554,203.0.113.203,198.51.100.55,10:02:20,90,inbound,failed,SIP,1.6,False,146,Australia,USA
-412345617,-9123456698,203.0.113.14,198.51.100.116,10:07:34,325,outbound,completed,SIP,3.4,False,143,Australia,India
-5553334443,-423456728,203.0.113.43,198.51.100.3,10:16:52,590,outbound,failed,SIP,1.2,True,94,USA,Australia
-412345617,-13812345592,203.0.113.63,198.51.100.97,10:19:15,61,outbound,completed,SIP,3.0,False,144,Australia,China
-5559876542,-7654321054,203.0.113.81,198.51.100.94,10:21:46,114,outbound,failed,SIP,1.1,False,52,USA,UK
-5553334443,-423456728,203.0.113.156,198.51.100.111,10:25:06,136,outbound,failed,H.323,1.1,True,95,USA,Australia
-423456728,-9876543119,203.0.113.72,198.51.100.161,10:27:56,184,outbound,completed,SIP,3.1,False,149,Australia,India
-9876543119,-7896541186,203.0.113.44,198.51.100.66,10:28:42,420,outbound,dropped,SIP,1.9,True,83,India,UK
-5551234566,-8123456698,203.0.113.225,198.51.100.102,10:35:16,517,outbound,dropped,SIP,1.5,True,90,USA,India
-9876543119,-9123456698,203.0.113.131,198.51.100.53,10:37:46,95,inbound,dropped,SIP,1.7,True,84,India,India
-5551234566,-412345617,203.0.113.240,198.51.100.9,10:39:08,58,inbound,dropped,H.323,1.2,True,91,USA,Australia
-5559876542,-7987654277,203.0.113.16,198.51.100.91,10:42:00,117,inbound,failed,SIP,2.1,False,54,USA,UK
-13812345592,-5551234566,203.0.113.98,198.51.100.20,10:48:01,335,inbound,completed,SIP,4.2,False,160,China,USA
-423456728,-13987654235,203.0.113.120,198.51.100.242,10:48:46,504,outbound,completed,SIP,3.1,False,150,Australia,China
-423456728,-13812345592,203.0.113.69,198.51.100.62,10:51:13,71,inbound,completed,H.323,3.8,False,151,Australia,China
-412345617,-423456728,203.0.113.221,198.51.100.37,10:52:03,296,outbound,completed,SIP,4.3,False,146,Australia,Australia
-5553334443,-7712345634,203.0.113.35,198.51.100.225,10:55:00,37,inbound,dropped,SIP,2.0,True,97,USA,UK
-9876543119,-7987654277,203.0.113.42,198.51.100.93,10:57:53,426,outbound,dropped,H.323,2.1,True,86,India,UK
-13987654235,-7654321054,203.0.113.68,198.51.100.133,10:58:44,59,outbound,dropped,SIP,1.2,False,187,China,UK
-412345617,-13812345592,203.0.113.139,198.51.100.189,11:03:57,152,inbound,completed,SIP,3.6,False,147,Australia,China
-412345617,-423456728,203.0.113.119,198.51.100.219,11:06:05,553,outbound,completed,IAX2,3.5,False,148,Australia,Australia
-13812345592,-423456728,203.0.113.13,198.51.100.173,11:07:47,305,outbound,completed,SIP,4.3,False,163,China,Australia
-5551234566,-412345617,203.0.113.182,198.51.100.231,11:15:18,296,inbound,dropped,H.323,2.3,True,94,USA,Australia
-5559876542,-13987654235,203.0.113.113,198.51.100.4,11:21:01,405,inbound,dropped,H.323,2.1,False,55,USA,China
-423456728,-13812345592,203.0.113.178,198.51.100.41,11:29:07,499,outbound,completed,SIP,3.1,False,155,Australia,China
-7987654277,-7654321054,203.0.113.146,198.51.100.105,11:31:59,264,outbound,failed,SIP,1.9,False,69,UK,UK
-13812345592,-9988776564,203.0.113.57,198.51.100.61,11:38:30,297,outbound,completed,SIP,4.0,False,165,China,India
-9876543119,-423456728,203.0.113.105,198.51.100.164,11:39:28,465,inbound,failed,IAX2,2.2,True,88,India,Australia
-5551234566,-7654321054,203.0.113.110,198.51.100.99,11:42:17,253,outbound,dropped,SIP,1.8,True,96,USA,UK
-13812345592,-423456728,203.0.113.236,198.51.100.111,11:44:15,405,outbound,completed,SIP,4.0,False,166,China,Australia
-9876543119,-412345617,203.0.113.97,198.51.100.182,11:47:48,482,inbound,failed,SIP,1.5,True,90,India,Australia
-5553334443,-9988776564,203.0.113.84,198.51.100.87,11:49:45,337,inbound,dropped,SIP,2.0,True,99,USA,India
-5551234566,-9765432018,203.0.113.182,198.51.100.174,11:56:49,391,outbound,failed,SIP,1.9,True,99,USA,India
-9876543119,-9012345587,203.0.113.122,198.51.100.8,12:04:01,333,inbound,dropped,SIP,1.7,True,91,India,India
-9876543119,-13987654235,203.0.113.41,198.51.100.165,12:06:18,185,inbound,failed,SIP,2.3,True,92,India,China
-13812345592,-423456728,203.0.113.47,198.51.100.224,12:06:58,314,inbound,completed,SIP,4.0,False,167,China,Australia
-13812345592,-7712345634,203.0.113.189,198.51.100.200,12:07:31,270,inbound,completed,IAX2,3.3,False,168,China,UK
-5554445554,-5551234566,203.0.113.200,198.51.100.39,12:09:29,518,outbound,dropped,SIP,1.6,False,73,USA,USA
-423456728,-13812345592,203.0.113.149,198.51.100.6,12:10:32,349,outbound,completed,SIP,4.0,False,159,Australia,China
-412345617,-7744112142,203.0.113.16,198.51.100.238,12:12:27,451,inbound,dropped,SIP,1.5,False,152,Australia,India
-5551234566,-7987654277,203.0.113.209,198.51.100.245,12:13:54,249,inbound,completed,H.323,3.9,True,101,USA,UK
-13987654235,-13812345592,203.0.113.24,198.51.100.99,12:21:24,152,outbound,completed,IAX2,4.9,False,193,China,China
-412345617,-13987654235,203.0.113.51,198.51.100.21,12:23:55,480,inbound,completed,SIP,3.5,False,153,Australia,China
-412345617,-13987654235,203.0.113.246,198.51.100.143,12:27:59,131,outbound,completed,SIP,4.4,False,154,Australia,China
-5551234566,-7654321054,203.0.113.44,198.51.100.18,12:30:56,256,inbound,completed,H.323,4.5,True,102,USA,UK
-5551234566,-13987654235,203.0.113.1,198.51.100.11,12:31:42,441,inbound,completed,SIP,3.2,True,103,USA,China
-13812345592,-423456728,203.0.113.8,198.51.100.248,12:32:37,344,inbound,completed,SIP,4.6,False,171,China,Australia
-13987654235,-13812345592,203.0.113.13,198.51.100.200,12:38:40,91,inbound,completed,SIP,3.9,False,197,China,China
-9876543119,-7712345634,203.0.113.132,198.51.100.53,12:42:34,72,outbound,failed,SIP,1.8,True,93,India,UK
-13987654235,-423456728,203.0.113.221,198.51.100.72,12:44:33,171,outbound,completed,H.323,4.5,False,198,China,Australia
-5551234566,-7744112142,203.0.113.224,198.51.100.168,12:47:39,181,outbound,dropped,SIP,1.5,True,104,USA,India
-423456728,-8123456698,203.0.113.75,198.51.100.7,12:49:48,11,outbound,completed,SIP,4.6,False,163,Australia,India
-5551234566,-423456728,203.0.113.18,198.51.100.213,12:52:16,568,outbound,completed,SIP,5.0,True,105,USA,Australia
-423456728,-9123456698,203.0.113.224,198.51.100.45,12:55:42,447,outbound,completed,SIP,4.6,False,166,Australia,India
-5551234566,-412345617,203.0.113.95,198.51.100.250,12:56:49,388,inbound,failed,SIP,1.7,True,106,USA,Australia
-5553334443,-13812345592,203.0.113.108,198.51.100.99,12:58:49,532,outbound,failed,SIP,1.5,True,100,USA,China
-13812345592,-5556667776,203.0.113.101,198.51.100.44,13:00:57,229,inbound,completed,SIP,4.9,False,174,China,USA
-13812345592,-7896541186,203.0.113.47,198.51.100.230,13:07:22,290,outbound,completed,H.323,4.0,False,175,China,UK
-5551234566,-13987654235,203.0.113.149,198.51.100.210,13:08:00,216,outbound,dropped,SIP,1.6,True,107,USA,China
-9876543119,-7896541186,203.0.113.68,198.51.100.214,13:15:17,409,inbound,dropped,H.323,1.5,True,96,India,UK
-9876543119,-13812345592,203.0.113.5,198.51.100.88,13:17:13,452,outbound,dropped,SIP,2.2,True,97,India,China
-5551234566,-7896541186,203.0.113.241,198.51.100.83,13:17:51,139,inbound,dropped,IAX2,2.4,True,108,USA,UK
-412345617,-5554445554,203.0.113.199,198.51.100.199,13:19:28,168,inbound,dropped,SIP,2.4,False,157,Australia,USA
-423456728,-8123456698,203.0.113.37,198.51.100.138,13:24:00,236,outbound,completed,SIP,4.8,False,169,Australia,India
-9876543119,-7654321054,203.0.113.99,198.51.100.8,13:30:41,600,outbound,failed,SIP,1.6,True,99,India,UK
-13812345592,-7987654277,203.0.113.224,198.51.100.127,13:33:38,270,outbound,completed,H.323,3.5,False,177,China,UK
-412345617,-9988776564,203.0.113.55,198.51.100.123,13:36:26,446,outbound,completed,SIP,4.6,False,159,Australia,India
-412345617,-13987654235,203.0.113.165,198.51.100.89,13:47:23,492,inbound,failed,SIP,1.0,False,160,Australia,China
-13812345592,-7712345634,203.0.113.191,198.51.100.34,13:49:27,489,outbound,completed,SIP,3.9,False,179,China,UK
-5553334443,-412345617,203.0.113.135,198.51.100.37,13:51:50,170,inbound,failed,SIP,1.1,True,101,USA,Australia
-9765432018,-8123456698,203.0.113.164,198.51.100.248,13:53:00,195,outbound,failed,IAX2,1.7,False,50,India,India
-8123456698,-5556667776,203.0.113.48,198.51.100.95,13:54:56,319,outbound,failed,SIP,2.1,False,53,India,USA
-423456728,-9123456698,203.0.113.105,198.51.100.73,13:56:10,286,outbound,completed,SIP,4.9,False,171,Australia,India
-9876543119,-412345617,203.0.113.167,198.51.100.144,14:00:28,108,outbound,failed,SIP,1.4,True,100,India,Australia
-13987654235,-7896541186,203.0.113.170,198.51.100.238,14:01:19,535,inbound,completed,SIP,3.6,False,204,China,UK
-9876543119,-13812345592,203.0.113.20,198.51.100.236,14:04:24,468,outbound,completed,SIP,4.1,True,101,India,China
-423456728,-13812345592,203.0.113.204,198.51.100.84,14:05:08,79,inbound,completed,SIP,3.8,False,172,Australia,China
-13987654235,-7712345634,203.0.113.77,198.51.100.76,14:07:40,438,inbound,dropped,IAX2,2.4,False,205,China,UK
-5553334443,-5559876542,203.0.113.220,198.51.100.184,14:12:44,242,outbound,failed,SIP,1.4,True,103,USA,USA
-412345617,-9765432018,203.0.113.237,198.51.100.137,14:13:52,577,inbound,completed,SIP,3.6,False,164,Australia,India
-5551234566,-13812345592,203.0.113.79,198.51.100.186,14:15:37,513,inbound,failed,SIP,2.2,True,109,USA,China
-423456728,-7987654277,203.0.113.176,198.51.100.96,14:19:26,150,outbound,completed,SIP,3.7,False,173,Australia,UK
-9876543119,-5554445554,203.0.113.136,198.51.100.90,14:23:05,180,outbound,dropped,SIP,1.7,True,102,India,USA
-9876543119,-5551234566,203.0.113.30,198.51.100.211,14:27:07,419,outbound,failed,SIP,1.9,True,103,India,USA
-9876543119,-13987654235,203.0.113.163,198.51.100.36,14:27:48,296,inbound,failed,SIP,1.6,True,104,India,China
-5551234566,-7987654277,203.0.113.168,198.51.100.170,14:31:11,210,outbound,failed,SIP,2.2,True,111,USA,UK
-423456728,-9765432018,203.0.113.79,198.51.100.122,14:32:47,378,outbound,completed,SIP,4.9,False,174,Australia,India
-9876543119,-423456728,203.0.113.125,198.51.100.181,14:34:14,175,outbound,failed,IAX2,1.5,True,105,India,Australia
-5551234566,-5556667776,203.0.113.181,198.51.100.37,14:37:12,314,inbound,failed,SIP,1.7,True,112,USA,USA
-13812345592,-412345617,203.0.113.147,198.51.100.58,14:39:41,218,inbound,completed,H.323,3.6,False,183,China,Australia
-423456728,-7654321054,203.0.113.238,198.51.100.113,14:43:21,413,outbound,completed,SIP,3.5,False,176,Australia,UK
-9765432018,-9988776564,203.0.113.141,198.51.100.119,14:44:28,312,outbound,dropped,SIP,2.1,False,54,India,India
-423456728,-5556667776,203.0.113.240,198.51.100.98,14:45:31,309,inbound,completed,SIP,3.4,False,177,Australia,USA
-5553334443,-7654321054,203.0.113.245,198.51.100.240,14:47:48,563,inbound,failed,SIP,1.1,True,104,USA,UK
-9012345587,-8123456698,203.0.113.247,198.51.100.80,14:49:34,406,outbound,dropped,IAX2,1.8,False,31,India,India
-423456728,-9765432018,203.0.113.138,198.51.100.110,14:50:17,265,inbound,completed,SIP,3.6,False,178,Australia,India
-7654321054,-9012345587,203.0.113.156,198.51.100.65,14:52:03,597,outbound,failed,SIP,2.3,False,101,UK,India
-7654321054,-412345617,203.0.113.10,198.51.100.235,14:53:13,349,inbound,completed,SIP,3.2,False,102,UK,Australia
-7654321054,-5554445554,203.0.113.83,198.51.100.83,14:57:01,289,outbound,completed,SIP,5.0,False,103,UK,USA
-7654321054,-5559876542,203.0.113.162,198.51.100.78,14:59:12,72,inbound,completed,SIP,4.2,False,104,UK,USA
-7654321054,-13812345592,203.0.113.136,198.51.100.3,15:01:57,239,outbound,completed,SIP,3.8,False,105,UK,China
-13812345592,-13987654235,203.0.113.48,198.51.100.103,15:03:57,146,inbound,completed,SIP,4.0,False,185,China,China
-13812345592,-423456728,203.0.113.9,198.51.100.184,15:06:30,293,inbound,completed,SIP,4.9,False,186,China,Australia
-5551234566,-7896541186,203.0.113.221,198.51.100.250,15:09:13,199,inbound,failed,H.323,2.5,True,113,USA,UK
-5554445554,-7987654277,203.0.113.2,198.51.100.161,15:15:09,197,outbound,failed,SIP,1.1,False,81,USA,UK
-13812345592,-13987654235,203.0.113.247,198.51.100.254,15:16:41,546,outbound,completed,SIP,4.6,False,187,China,China
-412345617,-5551112221,203.0.113.103,198.51.100.128,15:18:00,537,outbound,dropped,SIP,2.2,False,168,Australia,USA
-13987654235,-412345617,203.0.113.16,198.51.100.244,15:20:21,12,outbound,completed,SIP,4.8,False,209,China,Australia
-5559876542,-7712345634,198.51.100.11,198.51.100.12,16:45:00,90,inbound,completed,H.323,3.5,True,75,USA,UK
-5553334443,-13987654235,203.0.113.21,198.51.100.234,10:13:42,335,outbound,completed,SIP,4.2,True,3,USA,China
-5551234566,-13987654235,203.0.113.52,198.51.100.67,10:46:16,143,inbound,completed,IAX2,4.3,True,3,USA,China
-5553334443,-13987654235,203.0.113.35,198.51.100.91,11:59:33,561,outbound,completed,H.323,4.9,True,7,USA,China
-5553334443,-7712345634,203.0.113.103,198.51.100.251,12:01:24,340,inbound,completed,SIP,3.3,True,8,USA,UK
-9876543119,-7987654277,203.0.113.76,198.51.100.247,12:02:38,425,inbound,completed,SIP,4.0,True,5,India,UK
-5553334443,-423456728,203.0.113.215,198.51.100.61,12:04:13,600,inbound,completed,SIP,4.7,True,9,USA,Australia
-5553334443,-412345617,203.0.113.203,198.51.100.210,12:16:34,245,inbound,completed,SIP,4.2,True,10,USA,Australia
-9876543119,-412345617,203.0.113.49,198.51.100.84,13:14:24,118,outbound,completed,SIP,4.1,True,7,India,Australia
-9876543119,-7896541186,203.0.113.193,198.51.100.148,13:27:10,600,outbound,completed,SIP,4.4,True,10,India,UK
-5553334443,-13987654235,203.0.113.119,198.51.100.85,13:51:13,589,inbound,completed,IAX2,4.3,True,18,USA,China
-5553334443,-423456728,203.0.113.248,198.51.100.238,14:36:53,542,outbound,completed,SIP,4.7,True,21,USA,Australia
-9876543119,-412345617,203.0.113.171,198.51.100.13,14:53:16,526,inbound,completed,SIP,3.3,True,17,India,Australia
-5551234566,-7654321054,203.0.113.26,198.51.100.227,15:01:03,155,inbound,completed,SIP,4.1,True,22,USA,UK
-5551234566,-7896541186,203.0.113.64,198.51.100.51,15:01:36,154,inbound,completed,SIP,4.3,True,23,USA,UK
-9876543119,-5551234566,203.0.113.82,198.51.100.38,15:44:09,594,outbound,completed,SIP,3.8,True,20,India,USA
-9876543119,-423456728,203.0.113.102,198.51.100.238,15:51:04,71,outbound,completed,SIP,3.0,True,21,India,Australia
-9876543119,-7896541186,203.0.113.211,198.51.100.99,16:43:50,527,outbound,completed,SIP,4.8,True,26,India,UK
-5551234566,-5556667776,203.0.113.160,198.51.100.46,18:00:51,154,outbound,completed,SIP,4.6,True,35,USA,USA
-5551234566,-5556667776,203.0.113.119,198.51.100.41,19:10:38,386,inbound,completed,SIP,5.0,True,38,USA,USA
-5553334443,-7744112142,203.0.113.228,198.51.100.169,19:23:13,29,outbound,completed,H.323,3.4,True,30,USA,India
-9876543119,-7744112142,203.0.113.241,198.51.100.129,19:30:00,556,inbound,completed,SIP,4.7,True,36,India,India
-5553334443,-8899552120,203.0.113.246,198.51.100.43,19:53:30,516,outbound,completed,SIP,3.8,True,31,USA,India
-9876543119,-5554445554,203.0.113.229,198.51.100.177,21:48:28,600,outbound,completed,SIP,4.3,True,42,India,USA
-5551234566,-412345617,203.0.113.51,198.51.100.179,23:32:56,395,outbound,completed,SIP,4.3,True,49,USA,Australia
-5553334443,-8899552120,203.0.113.92,198.51.100.120,23:55:57,446,inbound,completed,SIP,3.4,True,48,USA,India
-9876543119,-7654321054,203.0.113.50,198.51.100.130,00:02:07,82,inbound,completed,IAX2,3.2,True,52,India,UK
-5551234566,-7654321054,203.0.113.124,198.51.100.16,01:01:29,262,inbound,completed,SIP,4.0,True,51,USA,UK
-5553334443,-9012345587,203.0.113.15,198.51.100.68,01:24:04,456,inbound,completed,SIP,3.4,True,55,USA,India
-5553334443,-412345617,203.0.113.207,198.51.100.150,02:15:40,564,inbound,completed,SIP,3.5,True,62,USA,Australia
-9876543119,-412345617,203.0.113.87,198.51.100.75,03:10:12,539,inbound,completed,IAX2,4.1,True,62,India,Australia
-5553334443,-5551112221,203.0.113.42,198.51.100.175,03:15:42,61,outbound,completed,SIP,3.1,True,66,USA,USA
-5551234566,-7654321054,203.0.113.53,198.51.100.141,04:25:42,117,inbound,completed,SIP,3.6,True,64,USA,UK
-5551234566,-13812345592,203.0.113.9,198.51.100.66,04:28:11,548,inbound,completed,SIP,4.9,True,65,USA,China
-9876543119,-9123456698,203.0.113.110,198.51.100.203,05:30:48,192,inbound,completed,SIP,3.1,True,67,India,India
-5553334443,-423456728,203.0.113.193,198.51.100.189,05:45:10,12,outbound,completed,SIP,4.0,True,78,USA,Australia
-5553334443,-9765432018,203.0.113.24,198.51.100.211,05:50:12,303,outbound,completed,SIP,4.7,True,79,USA,India
-5553334443,-423456728,203.0.113.110,198.51.100.122,06:08:41,243,outbound,completed,SIP,3.8,True,80,USA,Australia
-9876543119,-7654321054,203.0.113.34,198.51.100.153,06:14:37,421,outbound,completed,SIP,3.8,True,69,India,UK
-5551234566,-5556667776,203.0.113.86,198.51.100.156,08:04:53,371,outbound,completed,SIP,4.6,True,80,USA,USA
-5553334443,-5554445554,203.0.113.1,198.51.100.94,08:13:03,359,inbound,completed,SIP,3.4,True,85,USA,USA
-5553334443,-7987654277,203.0.113.81,198.51.100.137,08:14:44,303,inbound,completed,IAX2,4.5,True,86,USA,UK
-5551234566,-7654321054,203.0.113.197,198.51.100.91,08:16:06,557,inbound,completed,H.323,4.4,True,81,USA,UK
-5551234566,-412345617,203.0.113.251,198.51.100.70,08:44:12,283,outbound,completed,SIP,3.4,True,84,USA,Australia
-9876543119,-5554445554,203.0.113.18,198.51.100.244,08:47:36,408,inbound,completed,SIP,3.1,True,76,India,USA
-5551234566,-5553334443,203.0.113.190,198.51.100.240,09:03:24,199,inbound,completed,SIP,3.8,True,85,USA,USA
-5553334443,-5551112221,203.0.113.246,198.51.100.144,09:19:31,260,inbound,completed,SIP,3.3,True,91,USA,USA
-5553334443,-412345617,203.0.113.125,198.51.100.162,09:59:18,174,inbound,completed,SIP,3.4,True,92,USA,Australia
-5551234566,-9765432018,203.0.113.38,198.51.100.73,10:27:07,399,inbound,completed,SIP,3.1,True,89,USA,India
-5553334443,-13987654235,203.0.113.231,198.51.100.41,10:45:06,507,outbound,completed,SIP,4.5,True,96,USA,China
-5551234566,-7896541186,203.0.113.146,198.51.100.215,11:08:40,508,inbound,completed,SIP,4.0,True,93,USA,UK
-9876543119,-5551234566,203.0.113.83,198.51.100.91,11:23:33,62,inbound,completed,SIP,4.4,True,87,India,USA
-5551234566,-9876543119,203.0.113.174,198.51.100.210,11:43:41,157,inbound,completed,SIP,4.7,True,97,USA,India
-9876543119,-5559876542,203.0.113.173,198.51.100.129,13:05:11,230,outbound,completed,SIP,3.8,True,94,India,USA
-9876543119,-8123456698,203.0.113.13,198.51.100.44,13:13:40,204,inbound,completed,IAX2,4.5,True,95,India,India
-9876543119,-7712345634,203.0.113.142,198.51.100.142,13:26:31,349,inbound,completed,SIP,4.6,True,98,India,UK
